Date,Headlines
2024-08-25,Market opens lower as investors await economic data
2024-08-24,Apple's latest earnings report exceeds expectations
2024-08-23,Federal Reserve signals no interest rate hikes in near term
2024-08-22,Tesla unveils new electric truck model at company event
2024-08-21,Google announces major AI breakthrough in natural language processing
2024-08-20,Microsoft stock jumps as company expands cloud business
2024-08-19,Amazon's Prime Day sets new sales record
2024-08-18,Facebook faces new privacy investigation from EU regulators
2024-08-17,NVIDIA reports record earnings as demand for GPUs surges
2024-08-16,Oil prices rise as OPEC announces production cuts
